笒笙＊寄悠,师叔给我介绍了个对象，那哥们问我几岁？我说我94年的，他告诉我他85年。我惊呆了，说:“那你不就大我11岁了。”他懵逼了，问我怎么算出他大我11岁的。我告诉他:“你算算，90-94＝6，你85的，6+5＝11。不对吗？”结果那哥们更蒙了，愣是不知道我怎么给他多长了两岁出来。再找他，我靠，把我拉黑了！！！,1805,123
是谁辜负了好时光,去姑妈家玩，好几年没见了，姑妈各种夸赞：几年没见二狗子长高了，帅了，哎呀还做了个时尚的“奶奶灰”。<br/>我尴尬的说：我这是少白头。。。,1297,20
笒笙＊寄悠,师叔给我介绍了个对象，那哥们问我几岁？我说我94年的，他告诉我他85年。我惊呆了，说:“那你不就大我11岁了。”他懵逼了，问我怎么算出他大我11岁的。我告诉他:“你算算，90-94＝6，你85的，6+5＝11。不对吗？”结果那哥们更蒙了，愣是不知道我怎么给他多长了两岁出来。再找他，我靠，把我拉黑了！！！,1846,123
莫纳的世界,对朋友说:大学时我有个死党，他比我大却叫我姐姐，整个大学都很照顾我，处处帮我，你们说你身边有个像这样的人，你能不喜欢他嘛！<br/>:你俩最终还是好了吧！<br/>:没有，他大学里换了好几个女票，也没换到我这。,1290,34
放飞的柔情,一个男性朋友跟女朋友同居了三年，感情也很好，但没有结婚登记和摆酒，问起原因，答：女方家里让男生买了房子先。问题是现在的房价，朋友两个人的收入加起来只有二十万，想买房子真的很难。于是两个人一商量，大着肚子回女方家提亲去了。女孩子的妈妈对着爸爸发火了：跟你当年一个套路，家里不同意就先上车后补票！,1277,30
很二2222,突然想到件事情，前天早上，一哥们问路，问的地方我非常熟悉，每天上班都经过，所以很积极的给他指了方向（其实我是个路痴，一般情况都不会给别人指路的，但这次问得地方我太有印象了）。结果，今天我坐公交车经过时才突然明白，我前天把路给指反方向了。天那么热，那哥们还穿了件黑色的衣服。内心很是愧疚啊。。路痴就都别逞强了。,238,1
是谁辜负了好时光,刷视频看到爸妈装晕倒小朋友们各种有趣的反应，我也想试试我家两岁的宝宝。<br/>正看电视往沙发一靠，这时宝宝跑过来，喊两声爸爸我没理，就在这时忽然“咣当一声”眼眶一疼，眼冒金星，睁眼一看，这小崽子正扬起手机准备继续砸呢。,1192,20
石头，剪刀，破布,两个老头在下棋，一群老头围观。<br/>这时一年轻小伙过来就喊“爹”，瞬间“哎”好几个答应的[偷笑]<br/>小伙笑嘻嘻的说“爹多了也不错，”等我结婚了一人出一万，彩礼钱就够了”<br/>有一老头悠悠的说“事是不赖，就怕你娘不同意……”,1283,17
匿名用户,那年我上中学，有一次发小的自行车轮胎没气了，我就陪他一起推着自行车往家走，走着走着，突然有个人喊了一声：抓住那个偷自行车的！发小扔掉手中的自行车，撒腿就跑，跑了几步又跑回来，扶起躺在地上的自行车，骂道：tm的这是老子自己的自行车,2790,25
爱新觉罗.黄瓜,吃晚饭的时候，我和老婆商量，把房贷还清后能不能在市区买一套大一点的房子。<br/>老婆往我碗里夹了几块卤猪心，然后把我拉到阳台上，指着天上月亮​对我说：“你望着月亮再好好想想！”<br/>​我疑惑不解：“啥意思？你想买广寒宫？”<br/>老婆咬牙切齿的说了四个字：“吃心望想。”​,1765,22
是谁辜负了好时光,正在家打游戏，听到邻居骂人，跑门口一看，邻居阿姨说把脸盆放公用卫生间不知道哪个天杀的放一条男士内~裤在里面。<br/>阿姨看到我正要问，隔壁王大嫂说：不用问小宋，这内~裤不是他的，你再问问另一家吧。<br/>这时我和阿姨同时愣住了。。。,1595,29
依丽若水,我最近工作忙，经常加班，饮食也不规律。我对着镜子忧郁的说：“老公，你看吗，我又长了好多青春痘。”<br/>那货咻咻傻笑：“啥，都30的老娘们，啥青春痘，那就是上火...”<br/>特么的...,2040,51
老襠易撞,大家走過路過 千萬不要錯過,277,6
是谁辜负了好时光,去姑妈家玩，好几年没见了，姑妈各种夸赞：几年没见二狗子长高了，帅了，哎呀还做了个时尚的“奶奶灰”。<br/>我尴尬的说：我这是少白头。。。,1297,20
笒笙＊寄悠,师叔给我介绍了个对象，那哥们问我几岁？我说我94年的，他告诉我他85年。我惊呆了，说:“那你不就大我11岁了。”他懵逼了，问我怎么算出他大我11岁的。我告诉他:“你算算，90-94＝6，你85的，6+5＝11。不对吗？”结果那哥们更蒙了，愣是不知道我怎么给他多长了两岁出来。再找他，我靠，把我拉黑了！！！,1846,123
莫纳的世界,对朋友说:大学时我有个死党，他比我大却叫我姐姐，整个大学都很照顾我，处处帮我，你们说你身边有个像这样的人，你能不喜欢他嘛！<br/>:你俩最终还是好了吧！<br/>:没有，他大学里换了好几个女票，也没换到我这。,1290,34
放飞的柔情,一个男性朋友跟女朋友同居了三年，感情也很好，但没有结婚登记和摆酒，问起原因，答：女方家里让男生买了房子先。问题是现在的房价，朋友两个人的收入加起来只有二十万，想买房子真的很难。于是两个人一商量，大着肚子回女方家提亲去了。女孩子的妈妈对着爸爸发火了：跟你当年一个套路，家里不同意就先上车后补票！,1277,30
很二2222,突然想到件事情，前天早上，一哥们问路，问的地方我非常熟悉，每天上班都经过，所以很积极的给他指了方向（其实我是个路痴，一般情况都不会给别人指路的，但这次问得地方我太有印象了）。结果，今天我坐公交车经过时才突然明白，我前天把路给指反方向了。天那么热，那哥们还穿了件黑色的衣服。内心很是愧疚啊。。路痴就都别逞强了。,238,1
是谁辜负了好时光,刷视频看到爸妈装晕倒小朋友们各种有趣的反应，我也想试试我家两岁的宝宝。<br/>正看电视往沙发一靠，这时宝宝跑过来，喊两声爸爸我没理，就在这时忽然“咣当一声”眼眶一疼，眼冒金星，睁眼一看，这小崽子正扬起手机准备继续砸呢。,1192,20
石头，剪刀，破布,两个老头在下棋，一群老头围观。<br/>这时一年轻小伙过来就喊“爹”，瞬间“哎”好几个答应的[偷笑]<br/>小伙笑嘻嘻的说“爹多了也不错，”等我结婚了一人出一万，彩礼钱就够了”<br/>有一老头悠悠的说“事是不赖，就怕你娘不同意……”,1283,17
匿名用户,那年我上中学，有一次发小的自行车轮胎没气了，我就陪他一起推着自行车往家走，走着走着，突然有个人喊了一声：抓住那个偷自行车的！发小扔掉手中的自行车，撒腿就跑，跑了几步又跑回来，扶起躺在地上的自行车，骂道：tm的这是老子自己的自行车,2790,25
爱新觉罗.黄瓜,吃晚饭的时候，我和老婆商量，把房贷还清后能不能在市区买一套大一点的房子。<br/>老婆往我碗里夹了几块卤猪心，然后把我拉到阳台上，指着天上月亮​对我说：“你望着月亮再好好想想！”<br/>​我疑惑不解：“啥意思？你想买广寒宫？”<br/>老婆咬牙切齿的说了四个字：“吃心望想。”​,1765,22
是谁辜负了好时光,正在家打游戏，听到邻居骂人，跑门口一看，邻居阿姨说把脸盆放公用卫生间不知道哪个天杀的放一条男士内~裤在里面。<br/>阿姨看到我正要问，隔壁王大嫂说：不用问小宋，这内~裤不是他的，你再问问另一家吧。<br/>这时我和阿姨同时愣住了。。。,1595,29
依丽若水,我最近工作忙，经常加班，饮食也不规律。我对着镜子忧郁的说：“老公，你看吗，我又长了好多青春痘。”<br/>那货咻咻傻笑：“啥，都30的老娘们，啥青春痘，那就是上火...”<br/>特么的...,2040,51
老襠易撞,大家走過路過 千萬不要錯過,277,6
王飞王飞王飞,晚上开车出去被交警拦下。 我:我哪里违章了吗？ 交警:市区里不许开远光灯。 我:不好意思我错了，求你别罚款。 交警:放心不罚款。 我:谢谢！ 交警:站在你的车前看远光灯一分钟，感觉一下被远光灯照的感觉。,2431,58
帅到嫑脸的李昂,女朋友小小美丽大方，家境富裕，我家里人不太看好这段感情。<br/>一年多过去了，小小急了，厚着脸皮跟我回家扫墓。<br/>来到爷爷的墓碑前，小小突然跪下来诚恳的说:“爷爷，我想当您孙媳妇儿，您来做个主，我知道您不会说话，要是不同意您就摇摇头！”,7950,118
依丽若水,我最近工作忙，经常加班，饮食也不规律。我对着镜子忧郁的说：“老公，你看吗，我又长了好多青春痘。”<br/>那货咻咻傻笑：“啥，都30的老娘们，啥青春痘，那就是上火...”<br/>特么的...,2040,51
聊天不撩妹子,前段时间回家，见到有个好久不联系的老同学，然后加了微信，闲了好聊聊天。<br/>昨天聊天时说他儿子太窝囊了，问他咋回事，他说儿子被媳妇打的睡客厅了。<br/>我跟他说年轻人闹闹亲热很正常的，不用管他们的。<br/>他说儿子小俩口吵架是正常，关键是应响我休息了，客厅沙发两个人睡真的睡不下的。<br/>我。。。,1567,26
匿名用户,邻居王大爷干活时不小心把手指连皮带肉的给削掉了，深可见骨，医生为了修复，将他屁股上移植一块皮在手指上。<br/>出院时去看他，王大爷唉声叹气的，我安慰道:已经好了，一点后遗症都没有，够幸运了。<br/>王大爷:别的没事，只是想到以后我要是什么事情需要按手印，一按一个圆，对方说你这是按个“屁”啊，多丢人！<br/>我……,1543,21
放飞的柔情,一个男性朋友跟女朋友同居了三年，感情也很好，但没有结婚登记和摆酒，问起原因，答：女方家里让男生买了房子先。问题是现在的房价，朋友两个人的收入加起来只有二十万，想买房子真的很难。于是两个人一商量，大着肚子回女方家提亲去了。女孩子的妈妈对着爸爸发火了：跟你当年一个套路，家里不同意就先上车后补票！,1296,31
你介似要弄啥嘞,一哥们在院里洗头，我路过:呦，老王，够过日子了，洗头都不带起沫的。老王:我这好洗头膏，放多少都不起沫。我：是吗？我看看什么牌子的。我拿起来一看，卧槽，力士护发素。,3918,30
偷惢,中午跟相亲对象聊天，我开玩笑说自己最近智商余额不足，应该喝点“六个核桃”补补脑，当时他没说什么，只是嘿嘿直笑。<br/>结果到了晚上，他给我送来了两箱，还说喝完再给我买。<br/>我当然不好意思要了，就说自己是开玩笑，其实不想喝的。然后，他给捧走了，捧走了！……,1628,53
挖鼻孔的老虎,昨晚在家整理公司的传单，后来放在床头柜上就睡了。<br/>今天回到公司才发现忘了拿，想起小姨子闲在家里，于是打电话给她，让她帮忙把我房间里的传单拿过来。<br/>现在她到了，我看着她手里的床单都不知说什么好。,1866,41
很流氓的流氓兔,昨天公司来了个客户，43岁，保养得挺不错，聊天的时候才知道是一个年入30万的企业高管，而且还是未婚。<br/>当时我就很好奇的问了一下她：你现在事业这么成功，对自己就没有点其他想法吗？<br/>她一听到这话，就沉思了一番，然后道：想有个屌用！！！,2979,78
最好相不见,和女友异地，女友过来特意请几天假陪她。<br/>最近感觉力不从心，找个借口刚要出门，遇到楼上阿姨送了把韭菜，说自己家种的吃不完，看你女朋友来了，让你女朋友包饺子给你吃吧。<br/>望着阿姨慈祥的面孔，女票兴奋的脸庞，我颤抖着双手接过了韭菜。。。,3364,93
情愿、不自由,前几天，去尼姑庵对着师太说，我男朋友太厉害了，弄的我瘦不了，师太只是笑笑，却未说话，指了指外面的一片地。。。顿时我似乎明白了什么，师太，你是告诉我坐享耕耘之乐吗，师太摇了摇头，说，我愿意用这一地的黄瓜，换你男朋友,553,5
笒笙＊寄悠,师叔给我介绍了个对象，那哥们问我几岁？我说我94年的，他告诉我他85年。我惊呆了，说:“那你不就大我11岁了。”他懵逼了，问我怎么算出他大我11岁的。我告诉他:“你算算，90-94＝6，你85的，6+5＝11。不对吗？”结果那哥们更蒙了，愣是不知道我怎么给他多长了两岁出来。再找他，我靠，把我拉黑了！！！,2059,129
周星星&quot;…,初中毕业后上的体校，每天运动量很大，男生嘛比较懒，一星期都没洗脚。<br/>当时家里装修，周五放假回家，我进屋一脱鞋，把给我家干活的木匠熏吐了，紧接着晕倒了……<br/>后来我爸赔偿了500块钱……,3162,51
莫纳的世界,对朋友说:大学时我有个死党，他比我大却叫我姐姐，整个大学都很照顾我，处处帮我，你们说你身边有个像这样的人，你能不喜欢他嘛！<br/>:你俩最终还是好了吧！<br/>:没有，他大学里换了好几个女票，也没换到我这。,1317,34
王飞王飞王飞,晚上开车出去被交警拦下。 我:我哪里违章了吗？ 交警:市区里不许开远光灯。 我:不好意思我错了，求你别罚款。 交警:放心不罚款。 我:谢谢！ 交警:站在你的车前看远光灯一分钟，感觉一下被远光灯照的感觉。,2541,63
123风雨兼程,"小姨妹远嫁他乡，得了肾结石做了手术，人情世故，陪老婆一起去看小姨妹，正赶上她们家吃饭，就在大家准备动碗筷吃饭时，她家大儿子放学回家，丢下书包就火急火燎过来吃饭，我瞄了他一眼，俩根黄黄的鼻涕快掉了下来，只听见他呼啦一下，俩跟鼻涕让他硬生生的给拉回去，各就其位，一下子把我恶心的快要吐出来，我借故离开，跑外面吐好久，一整天都没有食欲，想想都后怕,,,最厉害的催吐药，只需一秒钟,,,",271,4
吃了两碗又盛,上次儿子被同学绊倒，说腿疼，同学给了他一块钱。我教育他说这样是不对的，跟碰瓷儿没啥太大区别。<br/>今天儿子回来说同学打他，给了他一块钱。我有些生气:你又碰瓷儿了！？<br/>儿子满不在乎:没有，我们先说好的，他打我发泄，打一下一块钱。。,1335,27
石头，剪刀，破布,两个老头在下棋，一群老头围观。<br/>这时一年轻小伙过来就喊“爹”，瞬间“哎”好几个答应的[偷笑]<br/>小伙笑嘻嘻的说“爹多了也不错，”等我结婚了一人出一万，彩礼钱就够了”<br/>有一老头悠悠的说“事是不赖，就怕你娘不同意……”,1301,17
很流氓的流氓兔,昨天公司来了个客户，43岁，保养得挺不错，聊天的时候才知道是一个年入30万的企业高管，而且还是未婚。<br/>当时我就很好奇的问了一下她：你现在事业这么成功，对自己就没有点其他想法吗？<br/>她一听到这话，就沉思了一番，然后道：想有个屌用！！！,3078,79
莫纳的世界,群里南方帅哥问北方帅哥多久洗一次澡，因为南方都天天洗，北方帅哥:南方潮湿不洗澡全身黏，北方干燥不怎么出汗，一般一周两次或一次。<br/>南方帅哥:那要是遇到想爱爱咋办？<br/>:那就更没必要洗那么勤了，一年洗个一两次就行！<br/>……,2360,101
婉若い清风,你要有一颗像诺基亚一样摔了无数次还能砸核桃的硬心肠，看哪个王八孙子能伤得了你。,311,5
天涯明月刀。,一单身的哥们去年开始考驾照。科二考了半年，补考了三次，我们哥几个笑话他时，这货笑眯眯不说话。科三又补考了两次。刚才在群里说科三终于过了!要庆祝一下，请我们吃大餐。哥几个又笑话他，拿个驾照辛苦啦！补考费都交不少啊哈哈哈，然后，吃饭时他把女朋友带来了，是一起考驾照的学妹!,2002,33
酒鬼陪花生,晚上没电，我出去检查电表是否跳闸…把电表一会拉下一会拉上。来回十来次，也还是没电。还打电话把物业叫来了，跟物业说看样子是线路问题。物业也把电闸拉下拉上好几次。这时对门一大哥一脸惊恐的打开门，看见物业激动的说：大哥你快看我家，一会有电一会没电，怪吓人的~~~,5896,52
挖鼻孔的老虎,昨晚在家整理公司的传单，后来放在床头柜上就睡了。<br/>今天回到公司才发现忘了拿，想起小姨子闲在家里，于是打电话给她，让她帮忙把我房间里的传单拿过来。<br/>现在她到了，我看着她手里的床单都不知说什么好。,2031,41
天哥少侠,刚刚看新闻说一男子做手术被误切了一个蛋，医院赔了两百万，现在想一想我们每天出门都要带着四百万的固定资产，是不是有点在炫富！,2196,156
搞笑门,以后保证不去钓鱼了，坐标广州，昨晚去和龙水库夜钓，凌晨4点多突然刮起了大风下起雨，人和钓箱一起被吹到水库里，所幸从小水里玩到大，水性较好游上岸了，带了一堆装备出去，空手回来，所有钓具都被吹到水里去了，看来是老天想让我戒钓了。钓鱼那么多年，第一次见到如此怪风，没有如何预兆，突然大风和大雨一起而至，钓箱上插着钓伞，一点反抗余地都没有直接就被钓伞拖到水里，周围一个人都没有，还好水性好，不然死水里面没有一个人知道，发誓戒钓,3012,132
你的章章,去商场里的一家果汁店买果汁，往外走的时候一晃而过看到旁边一个姑娘长得好好看，我想再看她几眼，退几步去找，发现原来是面镜子…,2338,144
茶已温好,有一种伤害叫做互相伤害！<br/>前半夜，她奶奶把我从睡梦中叫醒说:二妹，我几个小时都没睡着，你今夜怎么睡觉还打起呼噜来了？<br/>好吧，我也不知道啊，也是很纳闷？<br/>于是乎，我就拿起手机玩了起来，困了准备放下手机睡觉。发觉她奶奶睡觉说梦话，说得热闹极了！<br/>于是乎，后半夜俺就失眠到现在……,410,3
偷惢,邻居王大爷干活时不小心把手指连皮带肉的给削掉了，深可见骨，医生为了修复，将他屁股上移植一块皮在手指上。<br/>出院时去看他，王大爷唉声叹气的，我安慰道:已经好了，一点后遗症都没有，够幸运了。<br/>王大爷:别的没事，只是想到以后我要是什么事情需要按手印，一按一个圆，对方说你这是按个“屁”啊，多丢人！<br/>我……,1610,22
冰&amp;心,堂姐两岁多的闺女老是要我抱……<br/>堂姐指指我八个月的孕肚给闺女说:姨妈妈肚子里有宝宝，不能抱你！……<br/>小闺女很认真的摸了摸我肚子，然后突然吐了我一脸口水，还哇哇大哭:姨妈妈你这个坏蛋，我叫你吃宝宝！！……<br/>小闺女又哭又闹，非要我吐出吃在肚子里的宝宝……！,1852,40
莫纳的世界,朋友姐夫去世了，我安慰她别难过，她:只要姐姐在，遍地都是姐夫。<br/>貌似很有道理的样子。,1881,31
孤犬落寞吠,一个荷兰人去年喝醉酒，买了200欧元俄罗斯5:0沙特，6500倍赔率，中了130万欧。<br/>李逵打死了4只老虎，没人记得，而武松只打死了一只就名垂千古，为什么？因为武松喝了酒打死的。<br/>所以干大事的人都要喝酒，你说对吧，交警同志。,1824,38
憶夜知秋,活不起了，出售本人，90年的满打满算6成新，岁月的痕迹有点明显，手续齐全，到手不担心贴钱，上得了厅堂，下得了厨房，当得了孩子王，照顾得了爹娘，有钱会花，没钱在家，带得出去，领得回家，快年底了，可折价贱卖，有意者欢迎咨询，包邮，支持花呗分期！,440,25
是谁辜负了好时光,正在家打游戏，听到邻居骂人，跑门口一看，邻居阿姨说把脸盆放公用卫生间不知道哪个天杀的放一条男士内~裤在里面。<br/>阿姨看到我正要问，隔壁王大嫂说：不用问小宋，这内~裤不是他的，你再问问另一家吧。<br/>这时我和阿姨同时愣住了。。。,1678,35
爱泡泡的｜胡子哥,最近半年各种不如意，感觉生活压力太大。喝了点闷酒，跑到外面田埂上大喊“天啊！你干脆劈了我吧！”<br/>刚喊完，天空一声闷响……特么……把劳资尿都吓出来了！,1351,33
笒笙＊寄悠,师叔给我介绍了个对象，那哥们问我几岁？我说我94年的，他告诉我他85年。我惊呆了，说:“那你不就大我11岁了。”他懵逼了，问我怎么算出他大我11岁的。我告诉他:“你算算，90-94＝6，你85的，6+5＝11。不对吗？”结果那哥们更蒙了，愣是不知道我怎么给他多长了两岁出来。再找他，我靠，把我拉黑了！！！,2059,129
周星星&quot;…,初中毕业后上的体校，每天运动量很大，男生嘛比较懒，一星期都没洗脚。<br/>当时家里装修，周五放假回家，我进屋一脱鞋，把给我家干活的木匠熏吐了，紧接着晕倒了……<br/>后来我爸赔偿了500块钱……,3162,51
莫纳的世界,对朋友说:大学时我有个死党，他比我大却叫我姐姐，整个大学都很照顾我，处处帮我，你们说你身边有个像这样的人，你能不喜欢他嘛！<br/>:你俩最终还是好了吧！<br/>:没有，他大学里换了好几个女票，也没换到我这。,1317,34
王飞王飞王飞,晚上开车出去被交警拦下。 我:我哪里违章了吗？ 交警:市区里不许开远光灯。 我:不好意思我错了，求你别罚款。 交警:放心不罚款。 我:谢谢！ 交警:站在你的车前看远光灯一分钟，感觉一下被远光灯照的感觉。,2541,63
123风雨兼程,"小姨妹远嫁他乡，得了肾结石做了手术，人情世故，陪老婆一起去看小姨妹，正赶上她们家吃饭，就在大家准备动碗筷吃饭时，她家大儿子放学回家，丢下书包就火急火燎过来吃饭，我瞄了他一眼，俩根黄黄的鼻涕快掉了下来，只听见他呼啦一下，俩跟鼻涕让他硬生生的给拉回去，各就其位，一下子把我恶心的快要吐出来，我借故离开，跑外面吐好久，一整天都没有食欲，想想都后怕,,,最厉害的催吐药，只需一秒钟,,,",271,4
吃了两碗又盛,上次儿子被同学绊倒，说腿疼，同学给了他一块钱。我教育他说这样是不对的，跟碰瓷儿没啥太大区别。<br/>今天儿子回来说同学打他，给了他一块钱。我有些生气:你又碰瓷儿了！？<br/>儿子满不在乎:没有，我们先说好的，他打我发泄，打一下一块钱。。,1335,27
石头，剪刀，破布,两个老头在下棋，一群老头围观。<br/>这时一年轻小伙过来就喊“爹”，瞬间“哎”好几个答应的[偷笑]<br/>小伙笑嘻嘻的说“爹多了也不错，”等我结婚了一人出一万，彩礼钱就够了”<br/>有一老头悠悠的说“事是不赖，就怕你娘不同意……”,1301,17
很流氓的流氓兔,昨天公司来了个客户，43岁，保养得挺不错，聊天的时候才知道是一个年入30万的企业高管，而且还是未婚。<br/>当时我就很好奇的问了一下她：你现在事业这么成功，对自己就没有点其他想法吗？<br/>她一听到这话，就沉思了一番，然后道：想有个屌用！！！,3078,79
莫纳的世界,群里南方帅哥问北方帅哥多久洗一次澡，因为南方都天天洗，北方帅哥:南方潮湿不洗澡全身黏，北方干燥不怎么出汗，一般一周两次或一次。<br/>南方帅哥:那要是遇到想爱爱咋办？<br/>:那就更没必要洗那么勤了，一年洗个一两次就行！<br/>……,2360,101
婉若い清风,你要有一颗像诺基亚一样摔了无数次还能砸核桃的硬心肠，看哪个王八孙子能伤得了你。,311,5
天涯明月刀。,一单身的哥们去年开始考驾照。科二考了半年，补考了三次，我们哥几个笑话他时，这货笑眯眯不说话。科三又补考了两次。刚才在群里说科三终于过了!要庆祝一下，请我们吃大餐。哥几个又笑话他，拿个驾照辛苦啦！补考费都交不少啊哈哈哈，然后，吃饭时他把女朋友带来了，是一起考驾照的学妹!,2002,33
酒鬼陪花生,晚上没电，我出去检查电表是否跳闸…把电表一会拉下一会拉上。来回十来次，也还是没电。还打电话把物业叫来了，跟物业说看样子是线路问题。物业也把电闸拉下拉上好几次。这时对门一大哥一脸惊恐的打开门，看见物业激动的说：大哥你快看我家，一会有电一会没电，怪吓人的~~~,5896,52
挖鼻孔的老虎,昨晚在家整理公司的传单，后来放在床头柜上就睡了。<br/>今天回到公司才发现忘了拿，想起小姨子闲在家里，于是打电话给她，让她帮忙把我房间里的传单拿过来。<br/>现在她到了，我看着她手里的床单都不知说什么好。,2031,41
天哥少侠,刚刚看新闻说一男子做手术被误切了一个蛋，医院赔了两百万，现在想一想我们每天出门都要带着四百万的固定资产，是不是有点在炫富！,2196,156
搞笑门,以后保证不去钓鱼了，坐标广州，昨晚去和龙水库夜钓，凌晨4点多突然刮起了大风下起雨，人和钓箱一起被吹到水库里，所幸从小水里玩到大，水性较好游上岸了，带了一堆装备出去，空手回来，所有钓具都被吹到水里去了，看来是老天想让我戒钓了。钓鱼那么多年，第一次见到如此怪风，没有如何预兆，突然大风和大雨一起而至，钓箱上插着钓伞，一点反抗余地都没有直接就被钓伞拖到水里，周围一个人都没有，还好水性好，不然死水里面没有一个人知道，发誓戒钓,3012,132
你的章章,去商场里的一家果汁店买果汁，往外走的时候一晃而过看到旁边一个姑娘长得好好看，我想再看她几眼，退几步去找，发现原来是面镜子…,2338,144
茶已温好,有一种伤害叫做互相伤害！<br/>前半夜，她奶奶把我从睡梦中叫醒说:二妹，我几个小时都没睡着，你今夜怎么睡觉还打起呼噜来了？<br/>好吧，我也不知道啊，也是很纳闷？<br/>于是乎，我就拿起手机玩了起来，困了准备放下手机睡觉。发觉她奶奶睡觉说梦话，说得热闹极了！<br/>于是乎，后半夜俺就失眠到现在……,410,3
偷惢,邻居王大爷干活时不小心把手指连皮带肉的给削掉了，深可见骨，医生为了修复，将他屁股上移植一块皮在手指上。<br/>出院时去看他，王大爷唉声叹气的，我安慰道:已经好了，一点后遗症都没有，够幸运了。<br/>王大爷:别的没事，只是想到以后我要是什么事情需要按手印，一按一个圆，对方说你这是按个“屁”啊，多丢人！<br/>我……,1610,22
冰&amp;心,堂姐两岁多的闺女老是要我抱……<br/>堂姐指指我八个月的孕肚给闺女说:姨妈妈肚子里有宝宝，不能抱你！……<br/>小闺女很认真的摸了摸我肚子，然后突然吐了我一脸口水，还哇哇大哭:姨妈妈你这个坏蛋，我叫你吃宝宝！！……<br/>小闺女又哭又闹，非要我吐出吃在肚子里的宝宝……！,1852,40
莫纳的世界,朋友姐夫去世了，我安慰她别难过，她:只要姐姐在，遍地都是姐夫。<br/>貌似很有道理的样子。,1881,31
孤犬落寞吠,一个荷兰人去年喝醉酒，买了200欧元俄罗斯5:0沙特，6500倍赔率，中了130万欧。<br/>李逵打死了4只老虎，没人记得，而武松只打死了一只就名垂千古，为什么？因为武松喝了酒打死的。<br/>所以干大事的人都要喝酒，你说对吧，交警同志。,1824,38
憶夜知秋,活不起了，出售本人，90年的满打满算6成新，岁月的痕迹有点明显，手续齐全，到手不担心贴钱，上得了厅堂，下得了厨房，当得了孩子王，照顾得了爹娘，有钱会花，没钱在家，带得出去，领得回家，快年底了，可折价贱卖，有意者欢迎咨询，包邮，支持花呗分期！,440,25
是谁辜负了好时光,正在家打游戏，听到邻居骂人，跑门口一看，邻居阿姨说把脸盆放公用卫生间不知道哪个天杀的放一条男士内~裤在里面。<br/>阿姨看到我正要问，隔壁王大嫂说：不用问小宋，这内~裤不是他的，你再问问另一家吧。<br/>这时我和阿姨同时愣住了。。。,1678,35
爱泡泡的｜胡子哥,最近半年各种不如意，感觉生活压力太大。喝了点闷酒，跑到外面田埂上大喊“天啊！你干脆劈了我吧！”<br/>刚喊完，天空一声闷响……特么……把劳资尿都吓出来了！,1351,33
莳鑰,厕所蹲着，妖儿给我发消息问我“吃了没？”我说吃了，”<br/><br/>她又问，吃饱了没？”<br/><br/>我看着身边的大环境瞬间凌乱了，我是回答吃饱了好还是没吃饱好？,1335,39
奔跑的小土狼,那年从小学升初中，那时老师根本不和大家道别。同学们收拾好书本离开了教室，我对班主任还是比较喜欢的，剩下我自己坐在座位上，想跟她说一声“再见”<br/>…………班主任从操场跑完步回到教室，我站起身：老师，我要去镇上上学了<br/>老师：哦，看看你们，都升班了也不知道搞搞卫生，你去把你们留下的这些垃圾都倒了去，再把黑板擦一下……,1432,19
伤心的海参,跟同事闲聊，她说昨晚跟老公吵架了，差点打起来了，我说你可别动手，女同志动手，哪有不吃亏的。她说：不怕的，俺老公打不过我。我接了一句：以前没离婚的时候，俺老公也打不过我。离婚了以后，打了2架，我就没打过他。她一下笑了。,2964,42
多米王,在故宫走丢真是倍儿有面子，全紫禁城开始广播“请xxx听到广播后到乾清宫”，好像被皇上召见一样[doge],5772,65
九头纪,小孩子如果有父母在的话，就会有点肆 无 忌 惮。割割割。<br/>小时候有一个小朋友经常被我欺负，有一次，他妈妈和我妈妈在聊天，于是他来劲了，打了一下我，马上跑到他妈妈那里，我心想，小样，反了你了！果断的追上去要打他，他马上喊妈妈帮他，于是乎，他妈妈把他抱了起来！唉，俺那时候个子还比较矮，够不着打了！急得我团团转，跳起来打，他妈妈就把他举高，然后他就在上面很得意的继续挑 衅我！我火气越来越大，但是又够不着他！于是，，，，，我用上吃奶的劲，把他妈妈踹了几脚，然后心满意足的走啦！ 然后他妈妈…,434,4
今天你笑了嘛i,第一次和女朋友开房，没经验，脑子里想起的全部是网上那些小电影，于是摸到被窝里一通乱扯。后来满头大汗，说：奇怪怎么丝袜这么难撕。妹子说：我穿的是秋裤……,6903,198
愤怒的小香菜,大姨家孩子张贺来我家做客 走的时候从来不空手 不是带走钢笔就是充电器 甚至碗都拿 跟大姨反映好多次 只是微微一笑 说只是孩子 上一次把我存钱罐压岁钱偷跑200块 这不今天又来了 趁我不注意 又跑我房里偷花我压岁钱 这下我火了 马勒戈壁的 这还了得 到厨房拎擀面杖就到追屋里 反手把门锁了 上去一顿砸 各路通天炮 小谭腿 后来打到屋外哭 屋里也哭 临走我告诉她娘俩有空过来玩,2240,56
胖香,吃过饭一个人溜溜食，走在步行街大花灯附近，看到一个男生在给他女朋友拍照，我心说快点走，免得被拍进去影响人家照片效果，谁知道那小伙子是个猪啊，我刚走到那姑娘背后，他大声喊：“你快笑，背景墙完美！”,1614,29
湘雅婷,什么叫好人有好报，今天我终于体会到了。昨天在路上一位快递小哥掉了个快件。我追上去还给了他。。。今天早上发现我的账本丢了。。急得我都快哭了。。我就顺着昨天去找工地老板的路找。。一位老师傅竟然在那等我。我滴天啊。我真想抱上去亲他！,3747,30
沈阳网警,8个月736次[发呆],2177,185
糖糖爱吃糖219,某天新闻：今天，一名修女在公园散步，不幸遭歹徒强奸。第二天新闻：今天，数百名修女在公园散步。,1194,25
搞笑门,今天天气真特么好，我约了隔壁特别要好的邻居一起去潜水，他这一潜下去就再没有上来了，后来我到他的坟头大哭，都怪我，不然你也不会领盒饭，我老婆马上就要生了，我说你投胎做我儿子吧，让我弥补过错，十年后，我儿子学长越像他，我的愿望实现了，,1476,32
山鹰寂寞飞,同事老婆阿依古丽，温柔可人，同事手贱，恋爱时总是欺负捉弄她，不是反扭她双手踢屁.股，就是把她摔倒按住不能动。<br/><br/>结婚后她老婆忽然要回家一趟，原因居然是：内蒙老家族里要比赛徒手杀狼了，女队没有主力，她要回去参赛。并翻出自己以往的杀狼照让同事放心。<br/><br/>同事这几天走路都有点哆嗦……,10987,244
包袱侠,我的组长对我很好，平常经常请我去他家吃饭，嫂子也和我很熟，经常走动帮帮忙什么的。上周六，嫂子突然给我打电话让我开车送她去个地方。我当时非常奇怪，嫂子虽然没驾照，但组长是老司机，而且去什么地方那么不方便还得开车？她说xx酒店，还离得蛮远的，我问她什么原因她不说，只说到了就知道了。<br/><br/>到了半路，我发现嫂子状态不对，居然在哭，当时就忍不住了，问她什么情况，她先不肯说，之后忍不住哭出声来，说出实情。<br/><br/>原来从几年前开始，组长每个月经常有一两次说上海去公干，星期六一整天都不回来，因为频率不高，每次都说的明…,4802,113
今天你笑了嘛i,初恋的时候，以为接吻真的会怀孕，结果有一天他强吻了我，害得劳资在家担心受怕了几个月，结果发现什么事都没有。接下来的日子，世界都崩塌了，因为我开始怀疑自己是不是不孕不育了……,5940,56
如梦凡尘,真事：昨天傍晚下班回家，走到小区边上有位女同志问我：优盘要吗？我第一遍没听清，以为是推销就没理继续往前走，没走几步，这位女同志骑着自行车追上来，接着问我：优盘要吗？我说：(⊙o⊙)啥？她说：优盘，日本的、韩国的、欧美的。我说：不需要谢谢！她继续骑车跟着我说：有明星的、动物的…我陷入了深深的沉思…（请不要私下@我管我要东西，谢谢！）,1785,102
红尘有梦岁月无殇,今天去超市购物，买了个777元的东西，我给了1000元给收银员。为了展示她的心算能力。她立马找给我333元。她说，您放心，我打小数学就好，班里第一。最主要的是，我信了！,5634,288
偷惢,周末一觉睡到中午才起，跟男友都懒得做饭就点了外卖。<br/>在我上厕所时听到外卖来了，等我出来后发现饭全没了，生气的问他:为什么不给我留点？<br/>男友理直气壮的说:那你不在厕所嘛？凉了不好吃！<br/>气的我不理他了，进卧室等半天也不来哄我，实在是忍不住了，准备出去找他吵架。<br/>一进客厅才发现，他已经躺在在沙发上睡着了，并且开始悠然的打着呼噜……,2693,72
leo咫尺天涯,很久很久以前，昆仑山脉，雪山之颠，住着一群修仙人。其中有一对有情人互为师兄妹，师兄风流倜傥，师妹温柔妩媚。<br/><br/>一日师妹正在洞府中修炼至紧要关头 ，忽然狂风大作 ，大雪纷飞，眼看就要走火入魔，若不及时阻止必会魂飞魄散。<br/><br/>恰巧此时，师兄闻声赶到，用多年修为阻止了师妹的入魔，但师兄却被魔气震飞了一魂一魄，只剩俩魂六魄，终日昏迷不醒成了活死人。<br/><br/>师妹伤心欲绝求助于师傅，师傅拿出震山法宝摄魂尺赐于师妹。“若想救尔师兄，唯有取回他的一魂一魄，尔师兄魂魄被震飞于人间，落入凡人青年男子体内，魂魄摄入之人脚底…,1633,60
天涯明月刀。,小区对面那家米粉店的妹子漂亮腼腆又勤快，是老板的表妹，去了几次后我有点动心了。感觉她对我也不讨厌。<br/>早上我去吃早餐，跟妹子搭讪，她脸红红的样子真好看，我心里高兴，盘算着怎么表白，老板的小孩哭着从门外进来说：“门槛太高了，我摔跤了哇哇……”<br/>我忍不住笑了起来，那小孩看了看我，突然不哭了，大声对妹子说：“小姑姑，这个叔叔不行不能要!不善良!”,1996,32
晴～风,一女孩过生日，她男朋友过来陪她一起过。<br/>女孩：谢谢你陪我的生日。<br/>男朋友：那是必须的。看到你刚才关上灯吹蜡烛的样子特别美，让我想起了一部很喜欢的电影。<br/>女孩幸福的道：什么电影啊？<br/>男朋友：鬼吹灯…,1382,21
树先森。,北京地铁早上非常挤，人挤人，一到换乘站，或者居住人比较多的地方，一开车门好比一股人浪一样，倾斜一片，片刻之后又恢复拥挤的场景。奈何我今早心情不好，一挤地铁心情更糟，旁边有一寸头男的，不管有没有人老往我这挤，都已经半躺我身上了……，我一使劲狠劲的抬起脚，想踩他一下，谁知我这有脚抬起狠狠落下，跺到了自己的左脚上，我嗷～的一嗓子，顺势半蹲想揉一揉，旁边那男的果真是半躺我身上了，我一弯腰，他也顺势背对着我背，来了一个三百六十度反转，从我背后一下仰了过去趴在了地上……让你特么靠着我，该！虽然自己给自己跺了…,231,1
范苏阳,三个字，证明你是哪里人？不准出现地名,1456,2477
鱼儿吐的泡泡,昨晚上有点喝大了，躺在沙发上半睡半醒的看一个烹饪节目。娃儿拿着一张纸让我签字，说他们老师说的，随便点写什么都行。我迷迷糊糊就写了几个字给她了。<br/>第二天家长群里公布了一张表，是昨天家长写的对老师的印象和评价。刚一公布，群里气氛就热烈起来，因为有个家长评价老师的是:肉质细腻，易于烹饪，肥而不腻，入口即化…<br/>卧槽，这不是昨天我看烹饪节目时写的吗？,3071,58
厨伴娘,什么样的男人会随身携带,1717,172
-小门神~,最近认识个糗友 ，看他个人资料显示是男生。两人共同爱好很多，每天聊到深夜，有种相见恨晚的感觉。<br/>直到有一天，他告诉我说其实他是女生，我感觉整个人都不好了，哎原来是个娘们儿。<br/>都打算去见面了的，害我白高兴一场。。。。。。,1188,32
！未央！,群里玩真心话大冒险，接数字，谁慢谁就输，玩的好嗨哦！他们输了也没问啥特别的话，我放心大胆的去接数字，我才接一个就输了，心里正担心着，土狼问我多久没有✘✘，我…………你这样的话题让我面红耳赤，不知怎么接，只好咬住自己的下嘴唇，并默默地夹住自己的双腿…………,2012,99
戀上堕落,某男准备出家。方丈提出条件：全裸铃铛挂JJ上，见美女而铃不响则成功。他照办方丈请出美女，铃铛大响。男怒：不信寺里的和尚都不响。方丈遂请出全寺的和尚均挂铃铛。美女再出，果然只有此男的铃铛大响。此男羞愧，铃档落地弯腰去捡，后面铃声响成一片!,4289,40
撸非长久计丶,说个前不久的事，身上有个伤口。医生说回去拿盐水洗下擦点药就好了。回家的时候把家里的盐放了两勺煮开水，空隙中间给医生打了个电话。<br/><br/>我：医生这盐水要等他等它冷，能不能直接冷水加盐啊！<br/>医生：加盐？加什么盐啊！生理盐水啊！<br/>我：啊，不是家用盐加水变盐水吗？<br/>。。。好险，不然伤口酸爽，没文化真可怕[汗颜][汗颜],241,3
兔子威武,跟朋友聊天，听说她们一位女同事被开除了。原因她买假病例请假病假，感叹请假病假，也不至于开除啊。朋友：“她网上买的病假条，病因：前列腺的问题！”  我…忽然觉得开除她一点也不冤枉！,1709,35
萝卜喂,一个小伙子用2000元其中的1500元给MM买了部手机，留500元吃饭开房，骑着电瓶车去找MM，MM说:你是一个好人，可是我们真的不合适。改善方案：一个小伙子用700元租了一辆BMW5，然后去批发市场300元买了99朵玫瑰，告诉MM他喜欢手牵手去那些浪漫的小吃店，最多消费100元。第二天MM就跟他看日出了，而且是因为爱情……,2227,69
恨钱不成山,上了一辆出租车，司机大哥一直在打电话。我就提醒他：师傅，开车的时候打电话多危险啊……<br/><br/>司机：对不起<br/><br/>然后，他就把车停在了路边，安心的打电话,1238,23
百里轩辕,靖康2年4月，东京，完颜宗望率领金国大军兵临城下…<br/>城中人心惶惶，王公大臣们毫无应对之法，宋徽宗气急，盛怒之下带着钦宗亲自指挥众将士御敌…<br/>徽宗登上城楼御目一览，大喝道：敌军这么点人马也敢攻打东京，真真是欺人太甚，，桓儿，你带领众将军，速用 铁桶阵 …<br/>众将军与钦宗相视一笑，心领神会地欣然领命 …<br/>宋徽宗，，，重伤，与钦宗一起被金国俘掳……,1202,44
红尘有梦岁月无殇,高中的时候经常去网吧包夜，老爸抓到我我就躲卧室不出门，第二天就没事了，最近一次被逮到的时候，老爸没有打我，对我说:“快去洗澡，身上这么大味，我去给你热饭”。把我那个感动啊，迅速脱完衣服准备洗澡，然后砰的一声，门被踹开了，老爸拿着皮带走了进来:“小兔崽子，让你泡网吧，今天非得治好你！”我:……,599,2
吃了两碗又盛,昨天愚人节，我在朋友圈看到说“微信红包能撤回，一天被调戏多少次，请别用红包逗我了。”觉得好玩，复制了发到群里。<br/>一人回复说:你真是天打雷劈的好人啊，我这就逗他们去。<br/>不一会他发来一个截图，红包上面没有撤回只有删除的截图，说我是骗子。<br/>我哪里知道他能反着逗啊？,1165,11
QQ小鲤鱼,追一护士半年，结果当初她死活不同意和我处对象。有一次，我们公司体检，她进去检查时，手机放在我这，这时她妈来电话了，我脑袋一抽接起电话叫了声妈，然后又解释道:<br/><br/>我们在医院检查呢。她刚好回来抢过电话说了很久，挂了电话幽怨的对我说:能耐了你，我妈让我带你回家 。。。,2293,39
白天与黄昏,几年前，在单位附近和一个离异女人合租了一套房（厨卫共用，但我很少在家做饭吃）。因为我俩都是在异地打工，虽偶尔会碰面，但交流甚少，点头一笑就算打个招呼。这天，我因事突然提前回家，没想到正碰上她躺在浴室的大浴缸泡澡。她可能也没料到我会突然回来，她吓得赶紧对我说：小武，能帮忙递一样东西给我暂时穿上吗？如鹿在怀的我一慌，本能地将一双拖鞋递了进去。。,5318,116
绦子,今天去公交网点充值，说搞活动，充值100返50，我心说反正今天愚人节，你说是嘛就是嘛吧！结果哥震惊了，真找回我50元呢！哇哈哈！愚人节快乐！~,1172,17
红豆奶油,清明有三天假：第一天要回小学祭奠一下，因为那里埋葬了我们的童年；第二天要回高中祭奠一下，因为那里埋葬了我们的青春；第三天要回大学祭奠一下，因为那里埋葬了我们的理想；第四天上班了，但也别忘了祭奠一下单位，因为这里埋葬了我们的人生！[笑哭][笑哭],1506,19
狸土豆大人,朋友介绍对象，让我去相亲。帅哥挺顺眼的，谈吐也斯文，就是老瞄着我腿看。问他：“你老看我腿做什么啊，是不是被我的大白腿吸引了？”<br/>帅哥：“嗯，介绍人说你特招蚊子喜欢，有你在，蚊子不会咬别人，我想观察观察是不是真的？”<br/>我…老娘这么多优点，朋友居然介绍这些…,5948,140
婉若い清风,曾经认为女孩子善良就好了<br/>直到有一天看到香奈儿的一句话<br/>一味的标榜内在而忽视外在<br/>那也是一种肤浅<br/>女孩子 应该看起来是优雅的<br/>闻起来是香的 摸起来是滑的<br/>希望你60岁走在大街上<br/>还有小流氓向你吹口哨<br/>然后挥动你优雅的玉手告诉他<br/>臭小子 我是你奶奶[偷笑][偷笑][偷笑],232,1
李中东,一个朋友开途观开到80迈，突然一条狗以120的速度冲了出来。哐啷一声狗死了，车保险杠也坏了。不一会过来一个大爷说狗是他的，要500块了事。我朋友拿出500来给了大爷，大爷露出了满足的笑容，正准备离开时，我朋友说狗500给你了，车换保险杠5000你还没有给我呢！大爷嘴角一抽抽：狗不是我的，钱给你！,2324,36
凡主,&quot;家有小萝莉妹妹一枚，三岁了。<br/>估计是幼儿园上学时老师教的报数，就刚刚正在吃晚饭，萝莉妹妹说:“现在开始报数，点到名的要说到，听到没有？”<br/>大家都没理她，然后她开始大声报数了。<br/>“妈妈！”<br/>“到！”<br/>“爸爸！”<br/>半天没吱声，老爸那时候正在埋头吃饭，妹妹一个巴掌下去，头给磕碗里了……<br/>萝莉不但没害怕，还幽幽飘来一句:“让你不听话！”……&quot;,1985,26
傻晴°,有回跟儿子在池塘边哼着歌洗衣服，一只鸭子不知怎的死在池塘里，中午就美美的吃了顿鸭肉。<br/>打那以后儿子就天天央求我唱歌，我心里还美滋滋的，终于有人欣赏我天籁之音了。<br/>谁知儿子说：妈妈你就唱吧，上次在池塘边唱都有鸭子在水里淹死，你再唱唱吧，看我家喂的鸡听了你唱歌有没有一头撞死的，我想吃鸡肉了。,3155,41
因帅被判无妻H,我姓樊，对象姓晋，孩子快出生了，不知道起个什么名字好，各位大神给帮忙想想,2507,626
意大利面条22,老妈今天让我做红烧茄子，我不太喜欢吃，就说做红烧肉行吗？反正都是红烧的。老妈说，你这话说的，范冰冰和你都是女人呢，你看人家长的多好看，你呢？,445,4
愤怒的小香菜,参加朋友喜宴，等菜上齐了，一孩子嚷嚷道：都是我的，你们不能跟小孩子抢。多么优秀的孩子，多么聪明的父母！我们一桌人默默的把嘴里的筷子插到菜里，跟新婚夫妻打个招呼呼呼啦啦就走了，就剩下孩子和他妈妈，后来新婚朋友又单请的我们。,4201,313
切勿乱入,昨天下班路过一个烧饼摊，摊上打出横幅：6点以后烧饼3元一个！<br/>我果断在旁边等了半小时，6点后过去买了两个！<br/>付钱时我问摊主：“为什么烧饼6点以后3块？6点以前多少钱？”<br/>摊主：“2.5块！”<br/>我。。瞬间石化....,1406,12
搞笑门,一对高学历夫妇，凭自已的本事混成了企业高管。数年后付了首付，贷款买了一套二千多万元的海景别墅房。为了安全，雇佣了保安，养了条大狗。为了家务，请了个保姆打理。为了还贷，夫妻俩从此比从前更加拼命工作， 每日早出晚归奔波打拼。<br/>而雇来的保安每天牵着狗看家护院。保姆每天干完家务便抱着大狗在別墅里往外看海。时间一长，保安和保姆日久生情，相爱结婚了。再过一年，生了个大胖儿子。<br/>主人两口子仍旧每天早出晚归地打拼。保安和保姆仍旧每天干完活在海景别墅里往外看海并哄着大胖儿子玩。他们…,1497,42
天热打鼓球,排在前面等红灯。突然紧挨着我的那车“嗖”的窜了出去！<br/>然后它后面的两部车也跟着窜了出去！<br/>我一看还是红灯啊？仔细一看，原来是对面人行横道绿灯亮了。<br/>不得不说，火车跑的快，全靠车头带，还是很有道理的！,1681,16
王八与蛋,加了一个来公司跑业务的妹纸，然后就一直聊，后来回家还连线视屏，我感觉我是喜欢上对方了，就在我要表白时，妹纸的老公从房间门外探出头来催促道：“老婆，你好了没有？茶叶还没卖出去啊？等你鸳鸯戏水呢！”,1772,23
崛起的，新贵族,第一次到北方出差，厂里领导带去吃饭，一行五个人厂里点了两个菜以后就把菜单递给我了，我寻思着咋这么小气呢，我也不客气直接点了五个菜一个汤，厂里的人也没说话就笑笑(在我这边点菜吃饭一个人最低两个菜)，结果尼玛，给老子用盆上菜，对，你没看错，就特么是盆，五个人最多吃了一半就没吃了[大哭][大哭],3266,176
砸妳家玻璃,隔壁王叔叔的桃花就是多,489,3
聊天不撩妹子,老婆的小电动车坏了，下午让我帮她推去修，修车师傅说：你这车有六七年吧？<br/>我：八年多了。<br/>他说：别修了，买一辆吧，修车钱早就够买一个了。<br/>我：她在厂里上班，又不到那里去，平常也就菜市场买买菜，上街来回就五公里，没必要买新的。<br/>他说：真不好意思帮你修了，人家车最多四五年就报废了，你这个八年多了，什么零件都老了，要不你看看我回收的旧车，换一辆吧？<br/>听他这样说我就看了他回收的居然有跟新车一样。<br/>谈了价旧车归他加五百，骑回来了。<br/>老婆见我骑的新车回来，问是谁的车，告诉她是换的加六百。<br/>她说你没跟他讲价吗？…,2704,62
是谁辜负了好时光,去水果市场买水果，本着货比三家，跑了好几个来回，终于选定一家，虽然有点小贵，但肯定会更甜些，再说了，老板长的漂亮，怎么可能骗人。<br/>回去切开一尝，又酸又涩，网上查阅半天资料，终于得出结论――贵的东西不一定是好，长的漂亮的美女会更容易骗人。。。,1504,48
蜀南熟男,生娃原来是门经济学！,1399,71
左肩的蝴蝶,公司一小伙最近衣着光鲜，抽的烟从五块变五十，午餐标准十块变三十。下班不再挤地铁，直接曹操。<br/>大家纷纷猜测是不是被包养了。<br/><br/>最后真相大白，分手了。,8211,113
野生胡萝卜咚咚锵,高压锅感觉自己承受了太大的压力：“不开心，要爆爆。”,221,0
正版煮茶,堵车，我肚子疼，到路边的一个斜坡，找了个茂盛的草丛，躲进去刚蹲下，又开始打嗝。突然一个女声传来：“同学们，这里有只大青蛙！大家过来看看，我拨开草丛给你们观察一下！”...小朋友们好，你们在这春游啊......,1841,32
复姓西門,我们小区有个女的平时工作也就3000块一个月，这个月玩命加班拿了5000多一点，花4999买了电动车，当天晚上就被偷了……,7686,211
别评我是谁,闺蜜又和他老公吵架了，躺在我沙发上生气地说：&quot;我要告他，告他诱奸我。&quot;我笑道：&quot;他怎么诱奸你了？&quot;她气鼓鼓地说：“第一次去他家，他把给我喝的可乐换成黄酒，把我灌醉弄上了他的贼床，哼！他以为我不知道，其实我压根就是清醒的！”,3379,38
是谁辜负了好时光,出去逛街遇到“饿~了么”做广告，一大爷问：小伙子，这是干啥的？<br/>工作人员回：大爷，饿了么？<br/>大爷：饿了么？饿了，咋，你们管饭？<br/>工作人员：这是您饿了，我们给您送饭的。<br/>大爷：哦，那你晚上给我送份盖浇饭到幸福小区，15栋二单元101。我先走了。<br/>工作人员。。。,1269,16
糗友953480,我女朋友，特别喜欢过节日，什么节日都要过，可是过节日就要礼物啊，马上清明节要到了，我想知道清明节送蜡烛怎么样,2288,197
聊天不撩妹子,群里有个妞说昨天没戴眼镜，一天都是迷迷糊糊中度过，今天戴了眼镜整个世界都清楚了，照了个镜子，脸上一点点粉刺都看得见了。<br/>群大问她是不是对着璄子说，这女的谁啊？咋这么丑的。<br/>妞还没说话。<br/>我就说：妞不丑，我见过。<br/>但是腿好像不长。<br/>直接就发现我不能评论妞的帖子了,1214,16
若水寒冰☆,替姐接孩子，结果孩子被同学挠着眼角了，同学爸爸一个劲道歉，想着孩子闹着玩不小心伤着也难免，就没计较，回家姐问咋回事，我还没开口，孩子说话了:本来想让小姨主持公道的，结果她看赵宇他爸忒帅气就放过他了！<br/>[撞到玻璃][撞到玻璃][撞到玻璃],542,3
薛家小姐姐,半夜醒来睡不着了，把老公摇醒娇羞的说：“老公钻我的被窝里来给你个惊喜……”老公警惕的说：“不去，愚人节快乐，睡觉吧！”说完呼呼睡了。,1209,23
歌歌哒f,初中时，老爸买了辆摩托车，那时没驾照。就在带我去学校时，路上有交警，老爸把车一丢人跑了，我站在乡间小路上看着老爸在路边草丛中来回穿梭……,2364,38
凡主,半夜，我听到老婆的电话响了，<br/>接着他急急忙忙地出去阳台接电话，<br/>我轻声跟了上去，想偷听，<br/>这不听不要紧，一听吓得我脸色都青了！<br/>我老婆居然管电话那一头的人叫老公！<br/>我犹如五雷轰顶，冲了出去质问她，<br/>结果老婆说。。。<br/>那个人是他老板，姓龚。,2701,83
聊天不撩妹子,懵懵懂懂的被拉进一群，聊天都是聊狗的，什么柯基犬，金毛，德牧，柴犬，还有哈士奇，萨摩耶，什么中华田园，等等。。。<br/>因为小时候被狗咬过，我对狗一点都不了解，完全插不上话。<br/>就默默地发了一句：你们说的这么多种狗，那种狗肉最好吃。<br/>然后就哑群了。<br/>再然后我就被踢出了那群。,1548,33
王八与蛋,早上看到一个大妈晨跑，头戴式耳机，耳机线连接着腰间别着的ipad？！！,305,4
猪头小小败,我哥第一次送女儿去幼儿园，到了门口<br/>姑娘泪眼婆娑的搂着他脖子说，爸爸我爱你。你不要抛弃我。我不想离开爸爸<br/>然后他一狠心抱着姑娘就跑了。最后幼儿园老师打电话到家里告状,3170,45
挖鼻孔的老虎,公司有个五十多岁的大叔，今天看到他在路边等车，脚边放着一个坛子。<br/>我踢了踢坛子问他：“里面装的啥呢？”<br/>他说：“舅舅。”<br/>我的脸一下子白了，这才想起现在是清明，连忙对着坛子鞠躬说：“对不起，对不起。”<br/>他莫名其妙的看了我一会儿，然后说是他珍藏的旧酒。,4444,35
包袱侠,来宾馆送我去机场的是一位老司机，他的那辆黑色“帕萨特”小汽车已经跑了二十多万公里，但看上去还挺新。<br/><br/>“老师傅您贵姓？”<br/><br/>“免贵，姓郭。你是几点的飞机？”郭师傅发动汽车，从宾馆开出沿着天津路向南，那里通向郑少洛高速的入口。<br/><br/>“下午三点四十五分的。”我回答说。<br/><br/>“现在十二点，两个小时后会到达郑州机场，你会有足够的时间。”<br/><br/>“两个小时的路程，辛苦您了，老师傅您快退休了吧。”<br/><br/>“我退休都都好几年了，老了。”<br/><br/>“那您怎么还在大学开车？”我问。<br/><br/>“车改，你知道么？”看到我疑惑的眼光，郭师傅继…,6694,190
莳鑰,今天跟老爹吵架，老爹火了大骂道，“你是不是想把劳资气死了好继承遗产？”<br/><br/>我竟然鬼使神差的点了个头。<br/><br/>旁边正扫地的老妈恰好看到，抄起扫把就拍我脑袋上，大怒道，“你这忤逆不孝的东西，老娘还在呢……”,1329,15
莹莹一握小蛮腰,尼玛！昨天愚人节啊！老娘紧张兮兮了一整天，生怕有人要愚弄我啊！万一被整了，一世英明毁于一节啊！以后还有什么脸面！自己吓了自己一整天啊！快成神经病了都！我都混成这样了吗？连个跟我开玩笑的人都没了？想想就一肚子火！不整个人心里就难受！于是我把孩子揍了一顿，舒服多了……,2180,60
妖精害我,夜里一个小偷偷银行，好不容易把保险柜撬开了，发现里面一分钱也没有，倒是放了好几个果冻，小偷百思不得其解，不能白来啊，哪有空手的回的道理，直接开了几个果冻就吃了。第二天小偷先生买了份报纸想看看昨晚偷盗的影响，笑道，嘿，竟然上了头条：我市唯一一家精子库昨晚被盗！,1155,26
靥琪维维,别说你认识我，我没有你这样的儿子,265,0
爱小北的诺诺·i,老妈给我打电话，说那几只老母鸡弄的家里臭气熏天的，她不养了，要给我送过来！想着那几只老母鸡，我口水直流，却也客气了一下：妈，你们不要就给哥哥嫂嫂呗！给我嫂子会不乐意吧！<br/>老妈在电话那头不耐烦地说：你哥嫂都不要，都说给你，你别说了，我这就给你送过去！<br/>我兴奋地忙出去买了蘑菇，回家烧开水，还打电话叫闺蜜晚上来吃小鸡炖蘑菇！水刚开，老爸老妈提了几只老母鸡过来了，我眉开眼笑地去接，老妈看着老母鸡，不放心地叮嘱：这老母鸡要吃稻谷，还有玉米粒，你记得每天给准备点啊！别给我养瘦了！还有啊，这几只鸡都在下蛋了，…,3206,39
鱼歌浅唱,在基层 从J多年的老同学终于改行了，推杯换盏间感慨良多“你们知道最让人崩溃的是什么吗？夜里十二点半到凌晨四点连续转接到同一个醉鬼的十几次电话，每次都哭喊哀求说自己家里有鬼，让我们去保护他……转接台难道是要我们去捉一只鬼回来吗？！”,1179,25
喵冬,以后离婚，也应该按照结婚的流程，倒叙顺序，演一遍。 通知亲朋好友，返还份子钱，婚车录像车，到丈母娘楼下，放放炮，最后把媳妇抱上去，还给人家。。。善始善终,7828,249
绦子,上了公交车就看到熊孩纸在哭闹，可怜的奶奶怎么哄都不听，别人怎么劝也不管用…过了三站地我已经习惯了熊孩纸的哭闹声，我说小伙子你要是有本事你就哭到我下车，你不哭了算我输好不好？熊孩纸一听哭的更凶了！结果，八站后我下车了，熊孩纸还在哭😭…算你狠😄…~,1445,14
我选择喜欢你…,同事请我吃饭，席间，他跑到邻桌搭讪萌妹子，开口就说：“美女，我要跪你家的搓衣板……”想不到妹子居然没羞没臊的和他聊得火热！<br/>我心想这是王八看绿豆，对眼了。遂自觉跑去买单装，妹子的也埋了。<br/>买完单后，他俩就跟在我身后，他对我说：“这是我同学!”<br/>我还没说话，妹子就接话：“我家有两搓衣板，你们一人跪一个吧。”,601,15
半醉半醒梦中人,晚上和一个朋友出去吃饭，点完菜以后朋友又把服务员喊过来，要了几根黄瓜<br/>上菜以后大家开吃，只见朋友吃一口肉就赶紧猛咬几口黄瓜，和肉一起嚼了好久才咽下去，不解，就问，朋友说:我这不减肥嘛，我要把肉嚼碎了用黄瓜包裹起来，这样胃就不会发现我又吃肉了......,2041,44
蒙烟,今天在食堂吃饭，一个女同事对男同事抱怨家里的一些琐事，讲到水龙头漏水，男同事建议她找物业，女同事说不好意思去，男同事建议她去找卖水龙头的，女同事说早忘了是谁给安的，然后她看着他说:你离我家近吗？男同事结结巴巴的说:我，我，我不去！瞬间邪恶了！哈哈哈,1410,27
搞笑门,"我一个月1800,媳妇1300，  两个人还得交保险1000左右，省下的钱存500,还剩1600，一个月吃饭,  水电  ，话费，扣这花800块，省下的几百还要养一个孩子，从来没下过饭馆  吃饭也不怎么买肉,碰见婚礼就发愁，一下随200，5天的工资就没了，最近也不知怎么得媳妇换手机了，也买新衣服了，天天也化妆了，没事还给我点钱，我感觉日子有起色了，希望一直幸福下去。",7151,356
帝国守卫,在部队时，一次打靶，一个战友在靶墙千辛万苦挖到一个77小手枪的弹头，然后和弹壳按在一起，准备给他女友做一个项链。<br/>这家伙，一有时间就磨蛋壳，在上面刻一箭穿心的图案，可惜，图案还没刻完，人家就把他蹬了。战友未完成的项链就扔在了抽屉。<br/>有一天，另一个战友发现了，便拿过来继续磨，磨好一箭穿心，正准备刻女友名字字母时，对，他和女友分手了。<br/>这特么被诅咒的弹壳啊！<br/>我当时不知道，两个人臭不要脸的送给我，让我送女友。<br/>我当时还纳闷，怎么这么好心了，还给我磨好了。<br/>于是我刻上女友名字首字母和我的首字母，给女友…,6508,98
周星星&quot;…,领着儿子给他买衣服，我相中一件奥特曼图案的卫衣，可儿子偏偏要选小怪兽那件。<br/>我问他为什么，你不是很喜欢奥特曼吗？<br/>儿子一本正经的回道:幼儿园女生说小怪兽比较可爱，上次别的男生穿小怪兽可受欢迎了 ，她们还争着给他好吃的，我也要享受一下皇帝般的待遇！……<br/>…… 我居然毫无反驳的理由……,1263,20
匿名用户,老张，七十有余！<br/>昨晚被人抓奸在床，老张不急不忙的叹了口气，苏东坡这老东西，他千古名句:鸳鸯被里成双夜，一树梨花压海棠……<br/>根本不可行！……,1512,25
搞笑门,我有个妹妹一直没有对象，跑去找先生给算算，先生说：以后你开车，左转打右转向，右转打左转向。我妹真就信了，回来跟我说了。我心想玩电视桥段呢，仔细一想也可以啊，跟交警同志来个邂逅……磕磕碰碰的得修车吧……跟修车的师傅来个邂逅……再不济哪怕住个院……跟大夫来个邂逅……我没想到的是最后罚单没少收，修车没少花钱，医院也他娘的住了…………最后跟算命的好上了……我这妹夫道行挺深啊，就刚才还说，谁给我点赞财源广进，一生平安。你说气人不气人！,1974,8
胖香,同学聚会上一哥们喝高了，开始忆往昔峥嵘岁月：<br/><br/>当年没钱的日子真是难熬啊！<br/><br/>中午吃碗牛腩米线，都只吃米线，汤都不敢喝，因为要让老板再加碗免费的米线。然后假装吃不完，打包带走，留着晚上再吃！<br/><br/>同学们纷纷竖起大拇指：你牛掰！<br/><br/>突然，大家沉默了，好像记起了有段时间，他特别喜欢跑腿，帮人打包米线带回来！,5080,39
相聚一刻不停001…,何处不销魂,279,0
凡主,同事请我演她的男朋友，应付家里的相亲，<br/>吃过饭，她父亲把我单独带到一个房间，<br/>拿出一个100万的现金，我立马就说：“叔叔，你的意思我懂，我会离开你的女儿的，但你不要告诉她，我想她好接受些。”<br/>叔叔说：“不，小伙子你想多了，我想说你们结婚了，这100万就是嫁妆了，前提是你要好好珍惜她。”<br/>说完立刻要我把钱收好，我望着100万，想着他150斤的女儿，有点迷茫。,4329,172
善了个哉/,一小孩和他爸爸在一家餐厅吃东西，突然孩子来了一句:“爸爸，我要拉粑粑。他爸爸听了十分气愤，说:“没看到在吃饭啊，还说这么恶心的话。”<br/>说完后并没理他儿子，他儿子也知道错了，默默的低着头，过了一会儿才怯怯的问他爸爸:“爸爸，便便梦想的彼岸在哪？我想带它去……,1255,13
正版煮茶,我发小爷爷九一年去世的时候，留下遗言说焊死的铁箱子里面装着一个用一间祖屋换来的宝贝，以后要买新房的时候，再打开这个铁箱！<br/>一家人也不知道里面是啥宝贝玩意。反正挺沉的，用红布遮住。<br/>我发小最近买房，首 付不够，想到了这个宝贝，拿切割机切开了铁箱，发现里面是一个老式的彩电...,2871,32
搞笑门,早上去上班太匆忙，结果手机忘带了。中午有事，于是问同事借手机用一下。那同事听后哈哈大笑起来，说：“人挫就是记性差。”说着从口袋里掏出了一个遥控器.....遥控器......,1146,16
呆呆家的肥大猫,选一个你喜欢超能力,531,61
王飞王飞王飞,一出租司机和我说：“我以后再也不拉大学生了。我问他：“为什么?<br/>出租司机说：“我今天拉了三个大学生，到地方之后，三个人同时下车，然后他们一起喊123，跑，就都跑了。”<br/>我问他：“你没追吗?”出租司机说：“我思考了几秒该追哪个，然后有点想笑就没力气了追了，于是就冲他们喊了句慢点跑别摔着。”<br/>瞬间把我笑坏了......,8944,142
恨钱不成山,那年，我刚进一家新公司。上厕所的时候，突然间传来一阵鼓掌声。开始没在意，可过了没多久又是一阵鼓掌声。我心想，大公司就是牛b啊，上个厕所都有人鼓掌欢迎……从厕所出来，我跟部门经理说起此事，经理用怜悯的眼神看着我，对我说：兄弟啊，咱公司没有你想象的那么牛b，厕所灯是声控的,1183,10
吉祥小姐,姐姐在做饭姐夫在沙发上玩手机，我坐在姐夫旁边吃土豆条 ，姐夫边玩手机边把头伸了过来然后啊的一声，眼睛也不看只知道玩手机，我知道他想吃我的土豆条，我就顺手放了一条到他嘴里，几秒的时间他又啊了过来，我又塞了一条给他，他格啧～格啧～的像兔子吃胡萝卜一样一下就榨完了。<br/>我这样喂他了好几次后突然看到茶几上的香烟我抽出来一根就往他的嘴里塞，就在我拿打火机的那一瞬间姐夫把我给的烟当土豆条嚼了个稀巴烂，这时他呕……的一声把嚼碎的香烟吐了一地，我看到后起身就跑，姐夫生气的满屋子追着我打，从客厅追到了卧室……,1290,32
老李家掌柜的,"怀着闺女的时候进了个孕妇微信交流群，群主是妇产科医生。刚进了个新人.群主就发了条消息:有些东西是需要宝爸注意的，@所有人，拉宝爸进群！<br/>新人孕妇:我怀上了,我当妈妈啦！<br/>二货老公突然语音大喊:是我的,是我的……<br/>新人孕妇的老公嘶吼:你确定是你的？<br/>发完这句话，然后新人夫妇就双退出了群聊<br/>都过去五分钟了二货老公才又发来语音:不好意思啊，刚刚看错头像啦！",3812,37
人生若只如初见哥,因为要赶个项目全部门人都加班，部门唯一一个女汉子叼着个电子烟晃悠的走的我的座位旁边说∶你说我家的无线网信号怎么时好时坏呢？我说∶你是不是住在一楼。她说∶嗯。我说这就对了，因为下面有人给你争信号用！她深深的吸口电子烟一把抓住我的领子说∶卧槽！你他么吓着老娘了，我胆小晚上不敢一个人睡了，晚上你去给我做伴，你要是敢不去你会死的很惨的！我次噢我是不是哪个地方得罪她了，我好像是第二天上班啊，这个工作又干不下去了[大哭],376,11
九头纪,~~和女朋友去吃饭，中间接了个电话，顺便出门抽烟，看对面有麦 当 劳就买两个圣 代。可是回餐厅的时候看到女朋友，在打旁边桌上一个男的，更重要的事，男的旁边还一个女孩，我已经没有思维去想四个人中谁是多余的，我走，圣代没摔你脸上，说明我是爱你的。,1125,29
腹有诗书喷死你,今天逛公园，发现了一个奇怪的现象，好多漂亮身材好的妹子找的男朋友不是矮就是胖，要么就是高大威猛但是长相有点差；而帅气的男生找的女朋友不是矮就是丑，，，，，现在我很担心我自己会不会找的女朋友又矮又丑[哀怨][哀怨],3872,104
吉祥小姐,我发现老公有外遇了，但是我内心还是非常的平静，我不能让他发现我知道他有外遇这件事，我要悄悄的对付那个女人。<br/>老公出门上班前我狠狠的在他的脖子上种了一个草莓，想让她感觉到我们天天做。<br/>可老公下班回家后我发现他的脖子上有一串🍓🍓🍓🍓🍓🍓了。,2574,102
不知名插画师,在食堂吃到避孕套！食堂师傅狡辩说是猪大肠！你怎么看？ ​​​,1298,126
沃德吉尔-梆硬,刚才接到朋友的电话跟我报平安，说他已经安全着陆了，这次出国收获非常大，尤其是第一次坐飞机让他感受到了在蓝天上飞翔的快感。听到这里我淡淡的说了一句:咋滴了？你在飞机上拉肚子了吗？？,307,3
爱泡泡的｜胡子哥,买好火车票准备回老家，看发车时间还有几个小时。就买了些零食去网吧，玩会儿游戏打发时间。<br/>不知不觉间瞄了一眼时间，好家伙！快发车了！赶紧结账走人。<br/>到了检票口，把车票递给检票员。检票员很礼貌的说“不好意思先生，您的车票是昨天的，所以您不能上车！”,1315,14
50-8振动器,跟两个朋友讨论我们仨谁吹牛水平高，第一个说：皇帝听我吹完牛，跪在地上叫我大哥！第二个说：你这算什么，神仙听我吹完牛，跪在地上拜我为师！<br/>请问我要怎么说才能震住他们？,3093,124
leo咫尺天涯,话说很久很久以前，有一个卖姜的小贩名曰宋姜，他每天日出而作日落而息，唯一的愿望就是把姜的买买做大做好。<br/><br/>天道酬勤，没多久生意越来越火，他也成为了全国第一大姜商，来买姜的顾客络绎不绝，库存的姜也堆积跟小山一样。<br/><br/>当时国王生了一种奇怪的病，每日晌午时分头痛欲裂，口鼻流血，无数名医问诊也无计可施，命不久矣。遂发皇榜招募天下名医，若谁能治好国王的病便把皇位传于他。<br/><br/>一日，宋姜家里来了一个人自称李二狗。此人乃名医之后，父亲病重后家道衰落，食不果腹，便到宫里应征当了一个太医的侍从。<br/><br/>李二狗对宋姜说宋…,1120,40
正版煮茶,回到老家，一位老人问我表弟结婚没。我表弟说还没有，没钱。<br/>老人说：那你要节俭一点，鞋子买几十块的就好，不要买几百块的。<br/>我表弟掸掸鞋上的灰说：您老看错我了，我这双鞋是一千多的...,1646,27
周星星&quot;…,上小学的儿子把老婆惹生气了，老婆脑子一热给他报了两个补习班。<br/>结果，儿子当晚就领个女同学回家，一开门甜甜的喊我俩:公公好，婆婆好……,4211,49
leo咫尺天涯,说到爱情，我们会想到“梁祝”，这可是我们东方最为传颂的爱情……<br/>可是，细思极恐……<br/>梁山伯是第三者，而祝英台一心想红杏出墙……<br/>而真正痴情的马公子，连死后变成鸟都在追随祝英台所化的鸟，却要遭后人咒骂垂弃！……<br/>我早就想为马公子证言，可是我害怕被骂，我没这个胆子啊，对不起，马公子！,2827,141
一抹笙香,头发也成精？？,247,2
吃了两碗又盛,一同事孩子在市里上学，他除了自己买房之外，给爸妈在市里买了一套房子，这样临时有事儿子就可以去爷爷奶奶那里。<br/>然后在镇里又给岳父岳母买了房子，中午下班的时候就可以去蹭饭。<br/>这就是有钱人的操作，，，,2203,47
老巫婆～～,儿子正跟她表姐一起玩“吃鸡”，玩着玩着，他俩开始互相嫌弃对方菜！说对方是小学生，我听着乐了，就插了一句“你俩都是小学生吧”，他俩异口同声地回我“你连小学生都不如”！雾草………,1319,18
-小门神~,"闲来无事，又在家刷坨坨<br/>我妈“你说你，一天天地对着这坨s,有什么用”<br/>我“这是一坨有巨大能量的s,我的兄弟姐妹全在里面”<br/>我爸大惊失色“尼玛，那得多大一个茅坑”<br/>我。。。。。。<br/>无语ing......",1400,50
老男人、6,我笑了。哈哈哈,1216,25
婉若い清风,告诫所有女仕，<br/>你们坐在男性<br/>朋友的副驾的时候，<br/>无论什么时候，<br/>都要把安全带系好，<br/>一定不要嫌麻烦。因为<br/>系上安全带显得胸大! ​​​​[偷笑][偷笑][偷笑],310,1
是谁辜负了好时光,二哥新买了个杯子，特意拿到我面前拿出来各种得瑟，“我这杯子漂亮，保温性好，不仅如此，你看上面还有佛经呢，开过光的，能保护我。。。<br/>话还没说完，手一滑，杯子掉地上摔碎了，玻璃渣把他的脚也割破了。<br/>我弱弱的说一句：二哥，你是造了什么孽！连佛祖都看不下去了！<br/>二哥眼珠子转了转：平时都没事，怎么你一出现就有事，赔钱吧，对了还有医药费，误工费……<br/>我。。。,1280,16
凡主,小张回家发现屋内一女贼，拿起电话就要报警。女贼哀求道“你让我干什么都行，千万别报警！”小张阴笑着放下电话，立马将女贼扑倒，忙活一个多小时愣是没进去。女贼躺着床上幽幽的道“大哥，不行还是报警吧。”,2910,44
小严严cece,4岁的表弟来做客，我帮他洗澡，女朋友来电话了，因为手不方便就开了免提，她问我在干嘛?我说我在帮我弟弟洗澡。然后她突然语调-转，奸笑着说:“洗干净点，我晚上回去要吃它。  ”<br/>哇的一声，表弟突然就哭了!<br/>😂😂,1852,40
带翅膀的老司机,这伴娘是来砸场子的吗？,1266,90
绦子,公交车出去两站上来一位美女坐我旁边，眼看她掏包掉出来一块钱，我没多想就提醒她:美女你掉钱了！谁知美女头都没抬:掉了你就捡着吧！(⊙o⊙)哦？还有这好事？我弯腰就把那一块钱捡起来放包里了！不管怎么说，今天捡到钱啦嘿😄…~,1421,24
冰&amp;心,昨天做产检，医生告诉我宝宝已经够大了，不要再补了……<br/>吃完晚饭，我很快又饿了，我叫老公给我做点吃的，老公看看我:吃点水果吧，医生不是说宝宝够大了吗？<br/>我不同意:老公，我要吃肉肉……<br/>老公把自己的手伸过来:来，咬一口！<br/>我没忍住真的咬了一口，老公一声尖叫，我竟然没松口，还加劲把老公咬出血了………,1845,59
猪头小小败,食物链是这样的。我妈对我爹发脾气，你个老东西成天喝了就睡，也不收拾烟灰到处抖！一辈子没本事还懒！你要气死我<br/>看我爹生闷气，我去逗他玩。我说我家狗狗今天出去玩，有个美女想等她家狗和我家的谈恋爱。我爹大吼，狗都谈恋爱了。你个老姑娘成天在家里玩手机，又没钱有没男人，死赖着我看到就生气！！<br/>我冲进屋子正发脾气。我家狗摇头晃脑的扑上来撒娇卖萌，我一脚踢在它屁股上。它惨叫着跑了，我妈把它抱起来温柔的说，我家就你懂事，那两个都不是好东西。,531,6
百里轩辕,山伯叩开祝府大门，英台一袭女装含羞立于门内，山伯作揖道：敢问小姐，我的英台贤弟可在？<br/>英台赶紧跨出门外扶起山伯微笑道：梁兄，你不认的我了？我就是你的英台贤弟啊！<br/>山伯愣住了，许久，才嗫嗫的问道：怎，怎么会这样？<br/>英台笑道：梁兄，英台本就是女儿身，只是为了求学方便才扮成男儿装，别傻站着了，快请进！<br/>山伯＂卟通＂就跪下了，抬头振臂长呼：苍天哪，为什么会这样，为什么这么对我…<br/>毅然站起，转身一头撞向祝府门前石墙…<br/>英台👀悲痛欲绝，亦随之而去…<br/>……<br/>🦋<br/><br/>🦋,1149,51
义行天下7,今早上班时，男同事小李用纸巾塞着鼻子从卫生间出来了，流出的鲜血纸巾都染红了。<br/>我:兄弟这是怎么了？被谁打的？<br/>小李:没有打架，这不是月底了嘛，“那个”来了。<br/>女同事小刘惊讶的说:记得你上次是月中啊，咱俩好像没差几天呀！你这次居然提前了半个月，快去看妇科吧……,1988,28
王飞王飞王飞,跟媳妇恋爱那会，第一次去见老丈人，心里是七上八下。 期间闲聊，对我是橫挑鼻子竖挑眼，反正哪都不順眼。 心想肯定沒戏了，多喝了几杯酒，老丈人又开始啰哩吧嗦的。 我一气，桌子一拍：“你个老东西有完沒完，今哥把话撂这了，你闺女我要定了，爱咋咋滴！” 老丈人一愣：“嗯！是条汉子，当年我也是这样才把媳妇娶到手。,1420,28
爱泡泡的｜胡子哥,刚刚吃酒席，农村露天那种。饭吃一半，有人抱怨汤上迟了。<br/>二八月的天，说变就变，瞬间下起了雨。人人端着碗就跑，一个声音大喊“跑啥？不是说要喝汤吗？”,1242,18
米娅伦旗舰店,还好我够机智！！！！,226,1
莳鑰,老爹是个迷信的人，平时做什么都喜欢看个黄道吉日，清明上坟也要挑个黄道吉日。<br/><br/>我一脸懵逼的问老爹，清明不就这一天吗，看什么看？<br/><br/>老爹气结道，当初生你的时候就是忘了看日子出来早了，所以少根筋。,1408,30
猪头小小败,乐山大佛旁边真的有个洞，小时候去旅游我非得进去找火麟剑和雪饮刀，结果被我妈揍了,1514,32
